<?xml version='1.0' encoding='UTF-8' ?>
<timeLogEntries>
  <time id="1" path="/Proyecto/Tarea Integradora 1 - Banco/PSP0/Planning" start="@1599953450564" delta="58" />
  <time id="2" path="/Proyecto/Tarea Integradora 1 - Banco/PSP0/Planning" start="@1599958099782" delta="30" interrupt="6" />
  <time id="3" path="/Proyecto/Tarea Integradora 1 - Banco/PSP0/Planning" start="@1600451132481" delta="14" />
  <time id="4" path="/Proyecto/Tarea Integradora 1 - Banco/PSP0/Planning" start="@1600556977082" delta="2" />
  <time id="5" path="/Proyecto/Tarea Integradora 1 - Banco/PSP0/Planning" start="@1600557502440" delta="56" />
  <time id="6" path="/Proyecto/Tarea Integradora 1 - Banco/PSP0/Planning" start="@1600562912300" delta="19" />
  <time id="7" path="/Proyecto/Tarea Integradora 1 - Banco/PSP0/Planning" start="@1600564349872" delta="12" interrupt="4" />
  <time id="8" path="/Proyecto/Tarea Integradora 1 - Banco/PSP0/Planning" start="@1600567106367" delta="312" interrupt="1" />
  <time id="9" path="/Proyecto/Tarea Integradora 1 - Banco/PSP0/Planning" start="@1600720073911" delta="29" />
  <time id="10" path="/Proyecto/Tarea Integradora 1 - Banco/PSP0/Planning" start="@1600722372493" delta="26" />
  <time id="11" path="/Proyecto/Tarea Integradora 1 - Banco/PSP0/Planning" start="@1600726095519" delta="6" />
  <time id="12" path="/Proyecto/Tarea Integradora 1 - Banco/PSP0/Planning" start="@1600810777848" delta="12" />
  <time id="13" path="/Proyecto/Tarea Integradora 1 - Banco/PSP0/Design" start="@1600815468035" delta="7" />
  <time id="14" path="/Proyecto/Tarea Integradora 1 - Banco/PSP0/Design" start="@1600816682224" delta="75" interrupt="3" />
  <time id="15" path="/Proyecto/Tarea Integradora 1 - Banco/PSP0/Design" start="@1600822511821" delta="17" />
  <time id="16" path="/Proyecto/Tarea Integradora 1 - Banco/PSP0/Design" start="@1600913511696" delta="65" interrupt="2" />
  <time id="17" path="/Proyecto/Tarea Integradora 1 - Banco/PSP0/Design" start="@1600919437494" delta="27" interrupt="2" />
  <time id="18" path="/Proyecto/Tarea Integradora 1 - Banco/PSP0/Design" start="@1600921893846" delta="18" interrupt="4" />
  <time id="19" path="/Proyecto/Tarea Integradora 1 - Banco/PSP0/Design" start="@1600924252029" delta="9" />
  <time id="20" path="/Proyecto/Tarea Integradora 1 - Banco/PSP0/Design" start="@1601160290433" delta="28" />
  <time id="21" path="/Proyecto/Tarea Integradora 1 - Banco/PSP0/Design" start="@1601162676446" delta="42" />
  <time id="22" path="/Proyecto/Tarea Integradora 1 - Banco/PSP0/Design" start="@1601165933598" delta="25" />
  <time id="23" path="/Proyecto/Tarea Integradora 1 - Banco/PSP0/Code" start="@1601175619070" delta="66" />
  <time id="24" path="/Proyecto/Tarea Integradora 1 - Banco/PSP0/Code" start="@1601313962767" delta="218" interrupt="38" />
  <time id="25" path="/Proyecto/Tarea Integradora 1 - Banco/PSP0/Code" start="@1601343783811" delta="162" />
  <time id="26" path="/Proyecto/Tarea Integradora 1 - Banco/PSP0/Code" start="@1601429375442" delta="168" />
  <time id="27" path="/Proyecto/Tarea Integradora 1 - Banco/PSP0/Code" start="@1601475652031" delta="9" />
  <time id="28" path="/Proyecto/Tarea Integradora 1 - Banco/PSP0/Design" start="@1601481285769" delta="3" />
  <time id="29" path="/Proyecto/Tarea Integradora 1 - Banco/PSP0/Code" start="@1601494051866" delta="36" />
  <time id="30" path="/Proyecto/Tarea Integradora 1 - Banco/PSP0/Code" start="@1601497138049" delta="59" />
  <time id="31" path="/Proyecto/Tarea Integradora 1 - Banco/PSP0/Code" start="@1601502596431" delta="28" />
  <time id="32" path="/Proyecto/Tarea Integradora 1 - Banco/PSP0/Code" start="@1601505414249" delta="198" />
  <time id="33" path="/Proyecto/Tarea Integradora 1 - Banco/PSP0/Design" start="@1601519691305" delta="16" />
  <time id="34" path="/Proyecto/Tarea Integradora 2 - Registros Con./PSP0/Planning" start="@1602814123316" delta="40" />
  <time id="35" path="/Proyecto/Tarea Integradora 2 - Registros Con./PSP0/Planning" start="@1603318254993" delta="61" />
  <time id="36" path="/Proyecto/Tarea Integradora 2 - Registros Con./PSP0/Design" start="@1603497080121" delta="24" />
  <time id="37" path="/Proyecto/Tarea Integradora 2 - Registros Con./PSP0/Design" start="@1603499989152" delta="35" />
  <time id="38" path="/Proyecto/Tarea Integradora 2 - Registros Con./PSP0/Design" start="@1603568141311" delta="46" />
  <time id="39" path="/Proyecto/Tarea Integradora 2 - Registros Con./PSP0/Design" start="@1603761079692" delta="111" />
  <time id="40" path="/Proyecto/Tarea Integradora 2 - Registros Con./PSP0/Planning" start="@1604176417515" delta="30" />
  <time id="41" path="/Proyecto/Tarea Integradora 2 - Registros Con./PSP0/Code" start="@1604181279743" delta="272" />
  <time id="42" path="/Proyecto/Tarea Integradora 2 - Registros Con./PSP0/Code" start="@1604256268375" delta="275" />
  <time id="43" path="/Proyecto/Tarea Integradora 2 - Registros Con./PSP0/Code" start="@1604272811850" delta="23" />
  <time id="44" path="/Proyecto/Tarea Integradora 2 - Registros Con./PSP0/Code" start="@1604449084956" delta="160" />
  <time id="45" path="/Proyecto/Tarea Integradora 2 - Registros Con./PSP0/Code" start="@1604506120187" delta="78" />
  <time id="46" path="/Proyecto/Tarea Integradora 2 - Registros Con./PSP0/Code" start="@1604620573987" delta="91" />
  <time id="47" path="/Proyecto/Tarea Integradora 2 - Registros Con./PSP0/Code" start="@1604626937530" delta="33" />
  <time id="48" path="/Proyecto/Tarea Integradora 2 - Registros Con./PSP0/Code" start="@1604675495700" delta="6" />
  <time id="49" path="/Proyecto/Tarea Integradora 2 - Registros Con./PSP0/Code" start="@1604676412465" delta="38" />
</timeLogEntries>
